Symbol,years,bh_cagr,bh_sharpe,bh_maxdd,sma_cagr,sma_sharpe,sma_maxdd,Company Name,Industry
BSE,9.423682409308693,0.47621077758453634,1.000394918036665,-0.718671366094389,0.563112456996359,1.2375459017961508,-0.4045531335083824,BSE Ltd.,Financial Services
DIXON,8.802190280629706,0.4243550017661426,0.9447905973797807,-0.5733257750244675,0.4581393854053666,1.2022355046798705,-0.330748224627456,Dixon Technologies (India) Ltd.,Consumer Durables
KALYANKJIL,5.284052019164956,0.35773392899492884,0.7770694643170173,-0.5789211942953041,0.48699263737786835,1.1962138825017128,-0.3872444131778756,Kalyan Jewellers India Ltd.,Consumer Durables
POWERINDIA,6.272416153319644,0.8327744322981163,1.473569368496075,-0.40305983306695803,0.5360085124242417,1.1405776844866713,-0.40530546334895134,Hitachi Energy India Ltd.,Capital Goods
ATGL,7.671457905544147,0.33746554587582844,0.694995955935548,-0.8804822254164064,0.5280822652594444,1.0997797512446286,-0.5027852856438878,Adani Total Gas Ltd.,Oil Gas & Consumable Fuels
KPITTECH,7.211498973305955,0.2701702180757115,0.6291641469975036,-0.6997403573455365,0.44529010708655514,1.0811589857090147,-0.4722031794315077,KPIT Technologies Ltd.,Information Technology
RVNL,7.241615331964408,0.4442022567996995,0.8603780412544251,-0.6429766945744905,0.4885276324684411,1.0456139824222757,-0.4480249536067864,Rail Vikas Nigam Ltd.,Construction
LAURUSLABS,9.54962354551677,0.3358254458832872,0.8407677287390442,-0.5888896224039395,0.35642679256742205,1.036131088326727,-0.36089624414027444,Laurus Labs Ltd.,Healthcare
PERSISTENT,16.254620123203285,0.28275811563142184,0.7397532278046463,-0.464044817797453,0.2830511232999702,0.8639506864391813,-0.41348171738969663,Persistent Systems Ltd.,Information Technology
KPRMILL,18.861054072553046,0.2705419566814473,0.628930747878342,-0.8887590318332341,0.3238608738360518,0.8533345755272681,-0.38890590118286317,K.P.R. Mill Ltd.,Textiles
HAVELLS,24.019164955509925,0.33041438909843324,0.776976980791369,-0.8483033191353558,0.31600108431581253,0.8432368349419744,-0.41277662130435766,Havells India Ltd.,Consumer Durables
POLYCAB,7.227926078028747,0.4514641880540118,1.069467864688915,-0.49828916449014915,0.27265610995122724,0.7953548763749416,-0.3523552852043986,Polycab India Ltd.,Capital Goods
APLAPOLLO,14.565366187542779,0.4049805799183015,0.9210614578608856,-0.574069608176122,0.28312826077237596,0.7651150941301592,-0.49723860611262694,APL Apollo Tubes Ltd.,Capital Goods
TIINDIA,8.678986995208762,0.32142045532775243,0.7604469422124809,-0.5418372917256322,0.2839065829870637,0.758189435502688,-0.31229829714085877,Tube Investments of India Ltd.,Automobile and Auto Components
BHARATFORG,26.510609171800137,0.17839983715930585,0.4435303816619407,-0.8837748699421024,0.3103893901510175,0.751443168024016,-0.571095597214335,Bharat Forge Ltd.,Automobile and Auto Components
ASTRAL,19.301848049281315,0.34351864744158456,0.7918291475144255,-0.8608774307824012,0.27063507890392335,0.7437931277900829,-0.4573109233930781,Astral Ltd.,Capital Goods
BLUESTARCO,24.019164955509925,0.27842418869860963,0.6474081236721146,-0.7598507027935304,0.3025376975709071,0.7348591912643617,-0.5073530558498116,Blue Star Ltd.,Consumer Durables
APARINDS,21.987679671457904,0.33287517263125666,0.7173799763022146,-0.8255936402657159,0.28347332723102725,0.6975289047671898,-0.5931103300390714,Apar Industries Ltd.,Capital Goods
BALKRISIND,20.4435318275154,0.16691352930942505,0.43692459545657636,-0.886315928241803,0.2381141249041112,0.685142361633136,-0.38925134934856054,Balkrishna Industries Ltd.,Automobile and Auto Components
PAGEIND,19.312799452429843,0.31646261829916766,0.7983274445581732,-0.5321534866532334,0.22787617960226525,0.6723124868380534,-0.4854950260602695,Page Industries Ltd.,Textiles
AJANTPHARM,24.019164955509925,0.33301212966662375,0.7323368960756164,-0.6169366810735539,0.2703079192082636,0.6702667945390772,-0.7326489269250906,Ajanta Pharmaceuticals Ltd.,Healthcare
JKCEMENT,20.317590691307323,0.20750687558182745,0.5345802313567829,-0.853904465490109,0.22781791822808883,0.6700837717388695,-0.45463369274821597,J.K. Cement Ltd.,Construction Materials
AUROPHARMA,26.510609171800137,0.1344463335654904,0.3746647845300819,-0.9283620555090835,0.26174668078160757,0.6636711647975436,-0.6395146000481882,Aurobindo Pharma Ltd.,Healthcare
IRCTC,6.7323750855578375,0.21019721616631992,0.5391112447580808,-0.5822638259426629,0.22094255391109185,0.6540706486353585,-0.43489755417501086,Indian Railway Catering And Tourism Corporation Ltd.,Consumer Services
SUPREMEIND,24.019164955509925,0.35342164796585873,0.7157379075063245,-0.7463833446976879,0.2995607460297267,0.650871522521862,-0.5264679986552694,Supreme Industries Ltd.,Capital Goods
COCHINSHIP,8.906228610540726,0.2415549910391488,0.5807028525813104,-0.6014039165226268,0.24740721185924164,0.6503241994322081,-0.5063763469007883,Cochin Shipyard Ltd.,Capital Goods
FLUOROCHEM,6.7268993839835725,0.28549088545881274,0.6716885268478965,-0.6691526438691671,0.23893514951773653,0.6484722358094862,-0.5251677718107106,Gujarat Fluorochemicals Ltd.,Chemicals
KEI,20.292950034223136,0.2374989216974488,0.5533307415474596,-0.9532285472433569,0.266265727254138,0.6473223694306104,-0.7400337915472035,KEI Industries Ltd.,Capital Goods
GODREJIND,24.019164955509925,0.2973491956353629,0.6692322586513593,-0.8992766858198421,0.2556724578015097,0.6462069683876918,-0.5795295891404209,Godrej Industries Ltd.,Diversified
UNOMINDA,19.42778918548939,0.3206088146893775,0.69152053793238,-0.7582762796718836,0.2528953885460681,0.6383021679340898,-0.5466517093401142,UNO Minda Ltd.,Automobile and Auto Components
NAM-INDIA,8.668035592060233,0.21181681397302055,0.5288518721582869,-0.5802035332873896,0.22183092428535267,0.6272601896582803,-0.4235766904626509,Nippon Life India Asset Management Ltd.,Financial Services
MRF,24.019164955509925,0.2367645200250339,0.6208937279090262,-0.8097669042330778,0.21095047694500724,0.6107891933369385,-0.5219543772235844,MRF Ltd.,Automobile and Auto Components
FEDERALBNK,26.510609171800137,0.2514736256228478,0.6057629657743568,-0.6972618792845603,0.22509403665464522,0.6069770677241662,-0.4431879531007321,Federal Bank Ltd.,Financial Services
TATAELXSI,24.019164955509925,0.2126373211139656,0.5038633998095069,-0.7918435653451796,0.2548817022941774,0.604472024919748,-0.678566451189909,Tata Elxsi Ltd.,Information Technology
EXIDEIND,24.019164955509925,0.2300424764159974,0.5901870340357881,-0.5881719088408317,0.2080181357187998,0.5959143133061086,-0.4651043046318789,Exide Industries Ltd.,Automobile and Auto Components
COFORGE,21.853524982888434,0.23103566997330338,0.5563286999021145,-0.8849914946535856,0.21850461106928387,0.5777937015324096,-0.4587861965370815,Coforge Ltd.,Information Technology
SUNDARMFIN,24.019164955509925,0.26448852062213857,0.691243744363498,-0.6356692045445692,0.20001210533303437,0.5740210644424116,-0.5504565294473482,Sundaram Finance Ltd.,Financial Services
BERGEPAINT,24.019164955509925,0.34237012662671473,0.7337921832549379,-0.5784106650377251,0.23824345809504832,0.5644657129131804,-0.4896559247392306,Berger Paints India Ltd.,Consumer Durables
GLENMARK,24.019164955509925,0.4503829892156668,0.4156734042755708,-0.949612970035099,0.4389279873059506,0.563308054094063,-0.7984931212016984,Glenmark Pharmaceuticals Ltd.,Healthcare
IPCALAB,26.510609171800137,0.2183856671997424,0.5216007149398656,-0.7820187858443305,0.2233981589994578,0.5618521105071073,-0.5713131492107928,Ipca Laboratories Ltd.,Healthcare
LINDEINDIA,26.102669404517453,0.28470269644186774,0.6154619957116851,-0.5505573163013032,0.23951479414891685,0.5527434234275342,-0.5560999314375259,Linde India Ltd.,Chemicals
HUDCO,9.136208076659821,0.16879733614814785,0.4343197664781062,-0.8017417796869654,0.20165493247443167,0.5435716463113294,-0.5504885947486651,Housing & Urban Development Corporation Ltd.,Financial Services
SAIL,26.510609171800137,0.11946480519754288,0.3453710759952431,-0.9125936801593721,0.20823917957954152,0.5355712926401547,-0.594412225551151,Steel Authority of India Ltd.,Metals & Mining
INDUSINDBK,24.019164955509925,0.19680650603022243,0.4886033018950695,-0.8502792089814957,0.19859705435315944,0.5324562825038605,-0.5411455994106917,IndusInd Bank Ltd.,Financial Services
NATIONALUM,26.510609171800137,0.17008242835229215,0.4373227310887193,-0.8053038667045141,0.2014515033433648,0.5276860483554423,-0.44765666079604993,National Aluminium Co. Ltd.,Metals & Mining
ABBOTINDIA,23.904175222450377,0.2258693699580312,0.4545618506329541,-0.3287497631314251,0.154044326435806,0.5256217499417585,-0.3580374332905589,Abbott India Ltd.,Healthcare
THERMAX,24.019164955509925,0.43836001374188704,0.5026823192959781,-0.8312020336259744,0.4869037910042824,0.5245242846530808,-0.46504215231848245,Thermax Ltd.,Capital Goods
3MINDIA,24.019164955509925,0.224073842020988,0.5914703334747446,-0.667645061710414,0.1797252462149539,0.5169903397151348,-0.40265969283286207,3M India Ltd.,Diversified
PIIND,15.063655030800822,0.27398240265776463,0.7028743922986642,-0.4567388645038776,0.17663500581952563,0.5102972527141357,-0.38588281610215414,PI Industries Ltd.,Chemicals
MCX,14.329911019849419,0.1965518092350449,0.49706276176963937,-0.84703782140318,0.1829527928932877,0.5054208016832253,-0.5086436162988542,Multi Commodity Exchange of India Ltd.,Financial Services
JSL,22.639288158795345,0.029411147482699684,0.26922103399772934,-0.9393668889639695,0.1878257644075496,0.5013136527147471,-0.831355657636437,Jindal Stainless Ltd.,Metals & Mining
OFSS,24.027378507871322,0.20295329590544342,0.5234823690591666,-0.8355163314391827,0.16839142271168028,0.4979711154369091,-0.4445260002287327,Oracle Financial Services Software Ltd.,Information Technology
RADICO,23.055441478439427,0.23508136080601272,0.6096672303966576,-0.9252766154375348,0.16282989758392086,0.48963428901452244,-0.8185532141049109,Radico Khaitan Ltd,Fast Moving Consumer Goods
TATAINVEST,26.510609171800137,0.21723899889284715,0.5516171776656584,-0.7378983288039976,0.17480561134531847,0.4885819055575622,-0.46751693136027705,Tata Investment Corporation Ltd.,Financial Services
LTTS,9.787816563997263,0.15427923339818483,0.40999644973370836,-0.4993917216989765,0.17008162686300698,0.4869704071849089,-0.3879596763700125,L&T Technology Services Ltd.,Information Technology
ASHOKLEY,24.019164955509925,0.2772582431290016,0.5935239185402938,-0.7776633130182619,0.19654992808110827,0.4783142078904972,-0.6610245958583825,Ashok Leyland Ltd.,Capital Goods
COROMANDEL,23.904175222450377,0.267523478087597,0.6341373328481312,-0.5576314424420394,0.17859553435888031,0.4767654472296301,-0.4151324510319473,Coromandel International Ltd.,Chemicals
CRISIL,24.019164955509925,0.24394484837010655,0.6468406761671242,-0.5430336253920051,0.16324043203869487,0.476206247872595,-0.532576426930393,CRISIL Ltd.,Financial Services
MARICO,26.510609171800137,0.26029261266276493,0.7110987457080257,-0.4009585686082032,0.1615537160971463,0.47144535772038665,-0.4683143221092738,Marico Ltd.,Fast Moving Consumer Goods
BHEL,26.510609171800137,0.1406418940967682,0.3800904689239123,-0.9360666966157387,0.17945453611302242,0.4691895550878373,-0.5677184266895341,Bharat Heavy Electricals Ltd.,Capital Goods
INDIANB,19.353867214236825,0.14382681943740327,0.38985635653407613,-0.8963552718139826,0.16150163128566986,0.43776342523029693,-0.5642235824399264,Indian Bank,Financial Services
SRF,24.019164955509925,0.33124449339986883,0.4831148587603081,-0.9442533563252173,0.2902103200001187,0.43172468717666507,-0.893977177391055,SRF Ltd.,Chemicals
NAUKRI,19.627652292950035,0.2100713863334851,0.532248904506221,-0.7543100122572639,0.15403210453353755,0.4259268587110368,-0.5480833647545116,Info Edge (India) Ltd.,Consumer Services
JSWENERGY,16.50650239561944,0.12182836369910999,0.3398151948737145,-0.722641691233883,0.1517006011298374,0.4180526294183216,-0.60968974120183,JSW Energy Ltd.,Power
PRESTIGE,15.696098562628336,0.15216625723927701,0.40581395923566865,-0.7202745951876306,0.15337548223973507,0.4153480941431129,-0.4854169023763254,Prestige Estates Projects Ltd.,Realty
HONAUT,24.019164955509925,0.2628419207545729,0.6607646925648163,-0.7360204858413899,0.1486550021137394,0.412064135467866,-0.5681737015739652,Honeywell Automation India Ltd.,Capital Goods
YESBANK,20.98836413415469,0.03668558362610219,0.22981706501804683,-0.9722128204762793,0.14837828176834567,0.41152874701927655,-0.5613426746476744,Yes Bank Ltd.,Financial Services
LUPIN,24.824093086926762,0.27019863985298676,0.5881123243768909,-0.7338866663399204,0.14256606202744915,0.40645710988363754,-0.6136248918662641,Lupin Ltd.,Healthcare
OIL,16.76933607118412,0.11492037921548715,0.31093968192549803,-0.7121502844675001,0.1386541464639628,0.4060886496633338,-0.533103941267241,Oil India Ltd.,Oil Gas & Consumable Fuels
360ONE,6.80082135523614,0.23633112314266125,0.5873304963390255,-0.5148628512325553,0.1458196532636451,0.40320442451606914,-0.4507537635497524,360 ONE WAM Ltd.,Financial Services
LICHSGFIN,24.019164955509925,0.1808364913437568,0.46191107362199174,-0.7445685821926963,0.13942535769647368,0.38078975037872953,-0.4705370772257449,LIC Housing Finance Ltd.,Financial Services
TATACOMM,24.019164955509925,0.16431470478263988,0.42332650895061175,-0.7950649512567779,0.14327269682570454,0.3799570478617619,-0.7790768774482932,Tata Communications Ltd.,Telecommunication
SCHAEFFLER,24.019164955509925,0.2879668412681411,0.42517670181153916,-0.8031162132947632,0.2501275564260306,0.3798611543589983,-0.7999999844323801,Schaeffler India Ltd.,Automobile and Auto Components
SJVN,16.134154688569474,0.12142070215308975,0.327801929199135,-0.5729578490196053,0.13020081590000898,0.3689298792520983,-0.3219120769757037,SJVN Ltd.,Power
BDL,8.292950034223136,0.2828435967380225,0.6470796135745426,-0.5931603616593129,0.13778487240059634,0.36879967669607744,-0.5084882030009266,Bharat Dynamics Ltd.,Capital Goods
GODREJPROP,16.503764544832308,0.13648673164472402,0.36713650321981905,-0.5950735206827431,0.13026159453996877,0.36549058018955194,-0.410363951602046,Godrej Properties Ltd.,Realty
VOLTAS,24.019164955509925,0.4658637091261195,0.36431664922948354,-0.8743238567045574,0.46873522266026213,0.3498071689029523,-0.47510112661835924,Voltas Ltd.,Consumer Durables
MAHABANK,22.236824093086927,0.061095604913723456,0.19366866119744913,-0.8818133074279053,0.12852395353434853,0.34891771197522237,-0.6641601977951767,Bank of Maharashtra,Financial Services
ESCORTS,26.510609171800137,0.1365109051133364,0.37744781237001856,-0.8595467152002267,0.128786187532137,0.34353224726256454,-0.5895291053272733,Escorts Kubota Ltd.,Capital Goods
DALBHARAT,7.545516769336071,0.061327928967837675,0.16939306347587654,-0.6617872095262347,0.11750790317427073,0.3430775744580661,-0.4162558871309392,Dalmia Bharat Ltd.,Construction Materials
COLPAL,24.019164955509925,0.1702733741858804,0.5062623597891552,-0.5200486304177727,0.11826279881123614,0.34111456778760507,-0.5660374194411121,Colgate Palmolive (India) Ltd.,Fast Moving Consumer Goods
MPHASIS,24.019164955509925,0.18373293112691225,0.4741986598708468,-0.6267126029170971,0.12069943084671175,0.3283433226982144,-0.6266028668931188,MphasiS Ltd.,Information Technology
ACC,24.019164955509925,0.10977795055508044,0.2933188100768078,-0.6829649110016488,0.11726130617544328,0.3271855444481028,-0.539418253197677,ACC Ltd.,Construction Materials
APOLLOTYRE,24.514715947980836,0.19728777742307346,0.49584441607914415,-0.7504090923580373,0.11979253347345664,0.3218654684872185,-0.63937889487345,Apollo Tyres Ltd.,Automobile and Auto Components
PHOENIXLTD,19.208761122518823,0.14571171423439333,0.3896992259713191,-0.9093327100674342,0.11826147596803227,0.32026330574475836,-0.43658410432059025,Phoenix Mills Ltd.,Realty
CONCOR,24.019164955509925,0.1314177429555652,0.31356130736949156,-0.6782191987817644,0.14307330065562684,0.3138991492182906,-0.6782191987817644,Container Corporation of India Ltd.,Services
AIAENG,20.56399726214921,0.21527405238013153,0.5596249664173595,-0.6910617751419943,0.11437441548561456,0.31049875441343144,-0.6847772677651172,AIA Engineering Ltd.,Capital Goods
PETRONET,22.28336755646817,0.2052858697927764,0.5303361755732254,-0.7412194229481819,0.11435860503176398,0.30934586277552606,-0.5836370101509943,Petronet LNG Ltd.,Oil Gas & Consumable Fuels
MFSL,26.510609171800137,0.13130812163760197,0.317041692834992,-0.94167549163416,0.0921798273924852,0.30194088739350555,-0.8157053562482144,Max Financial Services Ltd.,Financial Services
TORNTPOWER,19.60848733744011,0.18710761595581626,0.4721374558174501,-0.7997099692508544,0.11185650201056885,0.2999745245953149,-0.6181901907892106,Torrent Power Ltd.,Power
NLCINDIA,25.872689938398356,0.20954199152960284,0.5079975408594176,-0.8200435066745784,0.11032244398921054,0.2995940676220406,-0.6652510194651735,NLC India Ltd.,Power
LTF,14.904859685147159,0.14761223029639603,0.39445080369177843,-0.7671927787634133,0.11019215045529984,0.2972766136376503,-0.5880207331732001,L&T Finance Ltd.,Financial Services
DABUR,24.019164955509925,0.19302730625269438,0.485936385067388,-0.5506257044907599,0.10606063671321286,0.29385059105387756,-0.6328868452663754,Dabur India Ltd.,Fast Moving Consumer Goods
MOTILALOFS,18.822724161533195,0.08934788070977229,0.3297503972523519,-0.8795963528123566,0.08576775724723174,0.2878426251134512,-0.784783767241323,Motilal Oswal Financial Services Ltd.,Financial Services
GODFRYPHLP,26.510609171800137,0.183903945136503,0.421357913722476,-0.7005726178223768,0.11112084839981828,0.28175522846506046,-0.6675415090104677,Godfrey Phillips India Ltd.,Fast Moving Consumer Goods
HEROMOTOCO,24.019164955509925,0.15879415185347834,0.43295599085043646,-0.5818001391909898,0.10364602296250491,0.2753941629040913,-0.5211819211221215,Hero MotoCorp Ltd.,Automobile and Auto Components
BANKINDIA,24.019164955509925,0.08446950509732165,0.27336692707690535,-0.9384754311163057,0.09735317958526024,0.26191152049405203,-0.5962387123063169,Bank of India,Financial Services
GLAXO,24.019164955509925,0.13966428916830576,0.35827163810400525,-0.4986858148969874,0.10476033797615236,0.2607287794317274,-0.5186983574483925,Glaxosmithkline Pharmaceuticals Ltd.,Healthcare
NMDC,18.34633812457221,0.05339604792085728,0.17610450467341113,-0.8171441449822092,0.0903316158659826,0.22835014620934832,-0.5315861127104157,NMDC Ltd.,Metals & Mining
GVT&D,23.904175222450377,0.36021212808153735,0.22163788692269837,-0.9001130404773778,0.42920932861612293,0.2234840881705029,-0.610628725086402,GE Vernova T&D India Ltd.,Capital Goods
IDEA,19.33196440793977,-0.06483589267547574,0.06129779159158794,-0.9755966892178884,0.0781225197249451,0.2092236515281196,-0.6289787989962423,Vodafone Idea Ltd.,Telecommunication
ABCAPITAL,8.848733744010952,0.05639640531803258,0.17061332518475636,-0.8225127395508227,0.08184697683648201,0.19630676476353592,-0.4518200356277249,Aditya Birla Capital Ltd.,Financial Services
NHPC,16.84873374401095,0.09111117435217997,0.23861480505230248,-0.5507218037216036,0.08262852363629936,0.1957535299157413,-0.5230568137114102,NHPC Ltd.,Power
GICRE,8.700889801505818,-0.004043992328884638,0.05282450089402065,-0.7873798909620245,0.07494561738493721,0.19462853743886993,-0.4585420879784037,General Insurance Corporation of India,Financial Services
JUBLFOOD,16.410677618069816,0.19377514196573098,0.49634046580935653,-0.5931482656159972,0.07859136922136312,0.19031949521815894,-0.5572739913213323,Jubilant Foodworks Ltd.,Consumer Services
OBEROIRLTY,15.715263518138261,0.13354245762797068,0.35914720583199417,-0.5286630630985386,0.07525168872541199,0.1837565638337158,-0.4107307255658703,Oberoi Realty Ltd.,Realty
ENDURANCE,9.716632443531827,0.16147195624151167,0.4350940307743463,-0.6219218360115096,0.07761949731145035,0.17440792972943014,-0.39723840579860303,Endurance Technologies Ltd.,Automobile and Auto Components
NIACL,8.648870636550308,-0.07183186472520198,-0.06712904908869571,-0.7851069493914862,0.06724115413078402,0.1735875724735738,-0.4217782327428806,The New India Assurance Company Ltd.,Financial Services
UPL,24.019164955509925,0.15985477054142438,0.4143173730477561,-0.6472908080621131,0.06913945480760098,0.17295027219361767,-0.7444852473729127,UPL Ltd.,Chemicals
UBL,17.94387405886379,0.12981568713580138,0.3499483541868926,-0.6386653221967613,0.06953746534111582,0.16619615716534827,-0.7057417361027997,United Breweries Ltd.,Fast Moving Consumer Goods
HINDPETRO,26.510609171800137,0.15202690274979513,0.29377746958650897,-0.9029740002556361,0.030795227823529947,0.15751183299522928,-0.9730734136804939,Hindustan Petroleum Corporation Ltd.,Oil Gas & Consumable Fuels
ALKEM,10.54072553045859,0.15302102894903435,0.44909707441166136,-0.27747711110738327,0.07075514995650467,0.13553404066611086,-0.33304401772584336,Alkem Laboratories Ltd.,Healthcare
GMRAIRPORT,19.87953456536619,0.09424210990320314,0.2970325558940315,-0.9176299089065528,0.046278559309797185,0.1157027553801896,-0.7502894603366772,GMR Airports Ltd.,Services
PATANJALI,24.019164955509925,0.024114775976245006,0.22574270198087612,-0.9988841901304416,-0.06109198207907085,0.09681346147743135,-0.9791183309958497,Patanjali Foods Ltd.,Fast Moving Consumer Goods
IDFCFIRSTB,10.669404517453799,0.013316301509599171,0.04986502407228625,-0.7687530792993451,0.058548442726831684,0.08759004702047898,-0.6296366660485149,IDFC First Bank Ltd.,Financial Services
FORTIS,19.16495550992471,0.12455908199284083,0.33706876033380845,-0.584849802182764,0.04970608893008932,0.08596196215745211,-0.783296263770619,Fortis Healthcare Ltd.,Healthcare
INDUSTOWER,13.52498288843258,0.08669154932713696,0.2512928684416134,-0.7052583481683896,0.04911892593713829,0.07426203322700788,-0.6664010719648472,Indus Towers Ltd.,Telecommunication
SUZLON,20.71731690622861,-0.04060170811715469,0.12384834125364977,-0.9961300719997501,0.01884960052079898,0.06596391828191406,-0.8315469398125198,Suzlon Energy Ltd.,Capital Goods
BIOCON,22.250513347022586,0.11652980295638393,0.2642396172466972,-0.931546232784881,-0.007778170105875448,0.022996806471175517,-0.8495828955757871,Biocon Ltd.,Healthcare
M&MFIN,20.309377138945926,0.14467771198334378,0.3883463060886787,-0.7524321090334677,0.026808326218193956,0.01844621375048035,-0.526639668948699,Mahindra & Mahindra Financial Services Ltd.,Financial Services
ICICIGI,8.777549623545516,0.1244405032012399,0.34041380594614107,-0.42293449354841184,0.030442092562916745,-0.05744820727497014,-0.41524892044193895,ICICI Lombard General Insurance Company Ltd.,Financial Services
AUBANK,8.991101984941821,0.15626481825167304,0.4146203487658575,-0.6777434256353679,-0.0035035230215499924,-0.10255368166216033,-0.6096186067852956,AU Small Finance Bank Ltd.,Financial Services
SBICARD,6.310746064339494,-0.021012718138911035,-0.12525968375634583,-0.4935512178542788,0.020761481864445708,-0.14080032990435412,-0.26578387587644037,SBI Cards and Payment Services Ltd.,Financial Services
ICICIPRULI,9.77138945927447,0.05571243239705215,0.13715564246740566,-0.5487528765885896,-0.018908776291714835,-0.3419398518319839,-0.40808718992836146,ICICI Prudential Life Insurance Company Ltd.,Financial Services
